LapNumber,TyreLife,FreshTyre,TrackStatus,Stint,AirTemp,makeStop,Rainfall,Humidity,TrackTemp,posicionActual,tiempoPilotoDelante,tiempoPilotoDetras,posicionSalida,anyo,nextPit,Laptime,compound_MEDIUM,compound_SOFT
3.0,4.0,0,4,1.0,16.3,1,1,51.0,35.6,1.0,134.646,133.906,1.0,2018,25.0,132.826,0,1
4.0,5.0,0,4,1.0,15.9,0,1,52.0,34.0,1.0,133.632,128.681,1.0,2018,25.0,128.778,0,1
5.0,6.0,0,4,1.0,16.1,0,1,52.4,36.2,1.0,127.041,129.827,1.0,2018,25.0,130.44,0,1
6.0,7.0,0,4,1.0,16.7,0,0,51.5,36.6,1.0,119.521,133.232,1.0,2018,25.0,133.88,0,1
7.0,8.0,0,1,1.0,16.4,0,0,50.3,36.7,1.0,90.479,83.604,1.0,2018,25.0,82.99,0,1
8.0,9.0,0,1,1.0,16.3,0,0,50.9,36.7,1.0,86.554,82.259,1.0,2018,25.0,81.631,0,1
9.0,10.0,0,1,1.0,16.3,0,1,51.4,35.4,1.0,85.665,82.475,1.0,2018,25.0,81.386,0,1
10.0,11.0,0,1,1.0,16.2,0,1,51.0,35.1,1.0,85.523,82.536,1.0,2018,25.0,81.79,0,1
11.0,12.0,0,1,1.0,16.4,0,1,52.4,35.7,1.0,85.151,82.003,1.0,2018,25.0,81.808,0,1
12.0,13.0,0,1,1.0,16.6,0,1,50.7,36.3,1.0,84.969,82.875,1.0,2018,25.0,81.81,0,1
13.0,14.0,0,1,1.0,16.5,0,1,50.2,35.8,1.0,85.515,82.032,1.0,2018,25.0,81.936,0,1
14.0,15.0,0,1,1.0,16.4,0,1,51.8,33.2,1.0,85.089,82.162,1.0,2018,25.0,81.574,0,1
15.0,16.0,0,1,1.0,16.2,0,1,51.6,32.6,1.0,84.707,82.231,1.0,2018,25.0,81.778,0,1
16.0,17.0,0,1,1.0,16.1,0,1,51.2,32.5,1.0,84.086,82.043,1.0,2018,25.0,81.562,0,1
17.0,18.0,0,1,1.0,16.0,0,1,51.9,31.8,1.0,84.194,81.956,1.0,2018,25.0,81.509,0,1
18.0,19.0,0,1,1.0,15.8,0,1,52.8,31.4,1.0,84.529,81.485,1.0,2018,25.0,81.328,0,1
19.0,20.0,0,1,1.0,15.9,0,1,52.8,31.1,1.0,84.758,84.219,1.0,2018,25.0,81.393,0,1
20.0,21.0,0,1,1.0,15.8,0,1,53.8,30.8,1.0,84.331,81.993,1.0,2018,25.0,81.334,0,1
21.0,22.0,0,1,1.0,15.9,0,1,53.3,30.6,1.0,101.023,81.963,1.0,2018,25.0,81.157,0,1
22.0,23.0,0,1,1.0,15.7,0,0,52.8,29.7,1.0,83.028,81.946,1.0,2018,25.0,80.849,0,1
23.0,24.0,0,1,1.0,15.7,0,1,53.3,30.2,1.0,85.187,81.531,1.0,2018,25.0,81.045,0,1
24.0,25.0,0,1,1.0,15.7,0,1,53.2,30.2,1.0,83.537,82.241,1.0,2018,25.0,81.662,0,1
25.0,26.0,0,1,1.0,15.8,0,1,53.5,29.7,1.0,103.641,81.029,1.0,2018,66.0,84.565,0,1
26.0,1.0,1,1,2.0,15.8,1,1,53.2,29.6,2.0,81.192,82.592,1.0,2018,66.0,100.689,1,0
27.0,2.0,1,1,2.0,15.8,0,1,53.7,29.3,2.0,81.037,82.008,1.0,2018,66.0,80.131,1,0
28.0,3.0,1,1,2.0,15.9,0,1,53.3,29.6,2.0,80.603,82.041,1.0,2018,66.0,80.711,1,0
29.0,4.0,1,1,2.0,15.7,0,1,53.3,29.6,2.0,81.396,82.459,1.0,2018,66.0,80.713,1,0
30.0,5.0,1,1,2.0,15.6,0,1,53.8,29.0,2.0,81.372,81.403,1.0,2018,66.0,81.074,1,0
31.0,6.0,1,1,2.0,15.6,0,1,54.5,28.9,2.0,81.366,81.285,1.0,2018,66.0,80.948,1,0
32.0,7.0,1,1,2.0,15.7,0,1,54.7,28.9,2.0,81.232,81.312,1.0,2018,66.0,81.6,1,0
33.0,8.0,1,1,2.0,15.8,0,1,54.4,28.9,2.0,81.501,84.538,1.0,2018,66.0,81.228,1,0
34.0,9.0,1,1,2.0,15.6,0,1,54.0,29.0,1.0,84.285,84.621,1.0,2018,66.0,81.854,1,0
35.0,10.0,1,1,2.0,15.6,0,1,53.4,28.8,1.0,86.513,80.817,1.0,2018,66.0,80.542,1,0
36.0,11.0,1,1,2.0,15.8,0,1,53.6,30.3,1.0,83.554,80.083,1.0,2018,66.0,80.359,1,0
37.0,12.0,1,1,2.0,15.9,0,1,52.5,30.9,1.0,83.071,81.091,1.0,2018,66.0,81.296,1,0
38.0,13.0,1,1,2.0,16.0,0,1,53.2,31.5,1.0,82.756,81.031,1.0,2018,66.0,80.363,1,0
39.0,14.0,1,1,2.0,15.9,0,0,51.7,32.2,1.0,90.161,81.336,1.0,2018,66.0,80.81,1,0
40.0,15.0,1,2,2.0,15.9,0,1,52.5,32.0,1.0,122.453,81.265,1.0,2018,66.0,80.507,1,0
41.0,16.0,1,26,2.0,16.2,0,1,52.6,30.7,1.0,121.922,115.212,1.0,2018,66.0,108.59,1,0
42.0,17.0,1,67,2.0,16.1,0,1,51.2,30.3,1.0,106.753,116.214,1.0,2018,66.0,122.018,1,0
43.0,18.0,1,72,2.0,15.9,0,1,52.3,30.6,1.0,83.002,81.079,1.0,2018,66.0,84.158,1,0
44.0,19.0,1,1,2.0,16.1,0,1,52.1,32.5,1.0,83.105,81.378,1.0,2018,66.0,80.625,1,0
45.0,20.0,1,1,2.0,16.1,0,1,52.4,33.0,1.0,82.971,79.944,1.0,2018,66.0,80.425,1,0
46.0,21.0,1,1,2.0,16.2,0,1,52.4,33.4,1.0,86.038,80.024,1.0,2018,66.0,80.621,1,0
47.0,22.0,1,1,2.0,16.7,0,1,51.6,34.3,1.0,83.805,80.381,1.0,2018,66.0,79.766,1,0
48.0,23.0,1,1,2.0,16.8,0,1,49.9,32.3,1.0,83.004,81.942,1.0,2018,66.0,80.2,1,0
49.0,24.0,1,1,2.0,16.8,0,1,49.7,31.9,1.0,84.499,79.828,1.0,2018,66.0,79.983,1,0
50.0,25.0,1,1,2.0,15.8,0,1,50.7,31.2,1.0,84.778,80.492,1.0,2018,66.0,79.902,1,0
51.0,26.0,1,1,2.0,15.9,0,1,51.5,31.1,1.0,85.045,79.924,1.0,2018,66.0,79.634,1,0
52.0,27.0,1,1,2.0,15.8,0,1,51.2,31.4,1.0,83.155,79.987,1.0,2018,66.0,79.984,1,0
53.0,28.0,1,1,2.0,15.9,0,1,51.6,30.7,1.0,82.754,80.092,1.0,2018,66.0,79.831,1,0
54.0,29.0,1,1,2.0,16.0,0,1,51.7,30.7,1.0,85.471,79.946,1.0,2018,66.0,80.007,1,0
55.0,30.0,1,1,2.0,16.2,0,1,51.5,31.7,1.0,82.829,79.837,1.0,2018,66.0,79.86,1,0
56.0,31.0,1,1,2.0,16.1,0,1,51.8,33.2,1.0,82.886,79.478,1.0,2018,66.0,79.811,1,0
57.0,32.0,1,1,2.0,16.5,0,1,51.0,33.2,1.0,82.068,79.094,1.0,2018,66.0,79.443,1,0
58.0,33.0,1,1,2.0,16.7,0,1,50.4,33.2,1.0,82.689,80.098,1.0,2018,66.0,79.488,1,0
59.0,34.0,1,1,2.0,16.9,0,0,49.5,32.9,1.0,88.346,80.169,1.0,2018,66.0,79.614,1,0
60.0,35.0,1,1,2.0,16.7,0,0,50.4,32.4,1.0,84.438,80.006,1.0,2018,66.0,81.819,1,0
61.0,36.0,1,1,2.0,16.8,0,0,50.2,32.3,1.0,82.702,79.819,1.0,2018,66.0,80.47,1,0
62.0,37.0,1,1,2.0,17.0,0,0,50.1,32.3,1.0,84.779,79.872,1.0,2018,66.0,79.152,1,0
63.0,38.0,1,1,2.0,17.1,0,0,49.6,31.6,1.0,83.323,80.058,1.0,2018,66.0,79.822,1,0
64.0,39.0,1,1,2.0,17.0,0,0,49.5,30.9,1.0,84.541,80.421,1.0,2018,66.0,79.133,1,0
65.0,40.0,1,1,2.0,16.9,0,0,49.5,30.7,1.0,81.059,81.013,1.0,2018,66.0,79.425,1,0
2.0,5.0,0,1,1.0,19.7,0,0,58.7,41.8,1.0,85.055,83.495,2.0,2019,27.0,83.657,0,1
3.0,6.0,0,1,1.0,19.8,0,0,58.1,41.8,1.0,88.553,83.021,2.0,2019,27.0,83.183,0,1
4.0,7.0,0,1,1.0,19.8,0,0,57.5,41.8,1.0,86.066,83.161,2.0,2019,27.0,82.782,0,1
5.0,8.0,0,1,1.0,19.5,0,0,60.5,41.3,1.0,86.616,82.676,2.0,2019,27.0,82.698,0,1
6.0,9.0,0,1,1.0,19.7,0,0,59.6,41.3,1.0,86.713,82.536,2.0,2019,27.0,82.31,0,1
7.0,10.0,0,1,1.0,19.8,0,0,59.1,41.4,1.0,103.822,82.589,2.0,2019,27.0,82.254,0,1
8.0,11.0,0,1,1.0,20.0,0,0,58.3,41.2,1.0,84.731,82.026,2.0,2019,27.0,82.355,0,1
9.0,12.0,0,1,1.0,20.2,0,0,57.8,41.6,1.0,84.947,82.296,2.0,2019,27.0,81.972,0,1
10.0,13.0,0,1,1.0,19.9,0,0,59.5,41.4,1.0,85.012,82.211,2.0,2019,27.0,81.974,0,1
11.0,14.0,0,1,1.0,20.2,0,0,58.7,41.3,1.0,84.979,82.275,2.0,2019,27.0,82.284,0,1
12.0,15.0,0,1,1.0,20.3,0,0,58.9,41.4,1.0,84.686,82.003,2.0,2019,27.0,81.998,0,1
13.0,16.0,0,1,1.0,20.3,0,0,57.3,41.1,1.0,84.933,82.097,2.0,2019,27.0,81.947,0,1
14.0,17.0,0,1,1.0,20.2,0,0,57.4,40.9,1.0,85.162,81.979,2.0,2019,27.0,82.151,0,1
15.0,18.0,0,1,1.0,20.2,0,0,57.8,40.9,1.0,85.182,82.094,2.0,2019,27.0,81.766,0,1
16.0,19.0,0,1,1.0,20.3,0,0,55.9,41.0,1.0,85.156,82.019,2.0,2019,27.0,81.913,0,1
17.0,20.0,0,1,1.0,20.1,0,0,56.9,40.9,1.0,87.031,82.174,2.0,2019,27.0,81.904,0,1
18.0,21.0,0,1,1.0,20.0,0,0,57.0,40.6,1.0,85.919,82.415,2.0,2019,27.0,82.741,0,1
19.0,22.0,0,1,1.0,20.3,0,0,56.1,40.6,1.0,87.574,83.479,2.0,2019,27.0,82.991,0,1
20.0,23.0,0,1,1.0,20.3,0,0,56.1,40.6,1.0,87.593,83.423,2.0,2019,27.0,81.527,0,1
21.0,24.0,0,1,1.0,20.8,0,0,55.2,41.2,1.0,87.854,83.041,2.0,2019,27.0,82.386,0,1
22.0,25.0,0,1,1.0,21.0,0,0,54.7,41.2,1.0,86.495,82.731,2.0,2019,27.0,82.383,0,1
23.0,26.0,0,1,1.0,21.1,0,0,54.7,41.1,1.0,86.406,82.797,2.0,2019,27.0,82.466,0,1
24.0,27.0,0,1,1.0,20.9,0,0,53.2,41.0,1.0,86.383,83.405,2.0,2019,27.0,82.26,0,1
25.0,28.0,0,1,1.0,20.5,0,0,54.6,40.4,1.0,87.738,83.091,2.0,2019,27.0,82.886,0,1
26.0,29.0,0,1,1.0,20.3,0,0,54.6,40.4,1.0,87.423,87.529,2.0,2019,27.0,82.926,0,1
27.0,30.0,0,1,1.0,20.8,0,0,53.5,41.0,1.0,88.725,101.045,2.0,2019,27.0,86.194,0,1
28.0,1.0,1,1,2.0,20.8,1,0,51.4,40.7,1.0,87.598,81.593,2.0,2019,46.0,101.228,1,0
29.0,2.0,1,1,2.0,20.5,0,0,52.3,40.4,1.0,86.688,80.857,2.0,2019,46.0,82.131,1,0
30.0,3.0,1,1,2.0,20.5,0,0,53.2,40.4,1.0,88.422,81.719,2.0,2019,46.0,82.3,1,0
31.0,4.0,1,1,2.0,20.8,0,0,52.4,40.6,1.0,90.896,81.725,2.0,2019,46.0,81.134,1,0
32.0,5.0,1,1,2.0,20.8,0,0,52.5,40.6,1.0,110.949,82.118,2.0,2019,46.0,82.286,1,0
33.0,6.0,1,1,2.0,20.8,0,0,52.9,40.6,1.0,86.085,82.041,2.0,2019,46.0,82.341,1,0
34.0,7.0,1,1,2.0,20.7,0,0,51.9,40.5,1.0,85.067,81.723,2.0,2019,46.0,82.293,1,0
35.0,8.0,1,1,2.0,20.7,0,0,52.4,40.6,1.0,87.051,82.073,2.0,2019,46.0,81.745,1,0
36.0,9.0,1,1,2.0,20.6,0,0,51.8,40.6,1.0,86.552,82.003,2.0,2019,46.0,81.844,1,0
37.0,10.0,1,1,2.0,20.5,0,0,52.5,40.6,1.0,85.207,82.295,2.0,2019,46.0,81.784,1,0
38.0,11.0,1,1,2.0,20.3,0,0,51.5,40.5,1.0,88.541,81.571,2.0,2019,46.0,81.578,1,0
39.0,12.0,1,1,2.0,20.4,0,0,52.6,40.3,1.0,87.115,81.834,2.0,2019,46.0,82.137,1,0
40.0,13.0,1,1,2.0,20.3,0,0,52.6,40.3,1.0,84.869,81.836,2.0,2019,46.0,81.724,1,0
41.0,14.0,1,1,2.0,20.3,0,0,53.1,40.1,1.0,85.565,81.963,2.0,2019,46.0,82.21,1,0
42.0,15.0,1,1,2.0,20.3,0,0,52.0,39.8,1.0,86.928,81.056,2.0,2019,46.0,82.206,1,0
43.0,16.0,1,1,2.0,20.1,0,0,52.9,39.6,1.0,85.006,82.461,2.0,2019,46.0,81.891,1,0
44.0,17.0,1,1,2.0,20.1,0,0,53.0,39.7,1.0,121.716,80.822,2.0,2019,46.0,81.957,1,0
45.0,18.0,1,1,2.0,20.0,0,0,52.0,39.9,1.0,136.055,84.069,2.0,2019,46.0,80.953,1,0
46.0,19.0,1,24,2.0,20.1,0,0,52.6,39.9,1.0,93.372,130.385,2.0,2019,66.0,93.804,1,0
48.0,5.0,0,4,3.0,20.3,0,0,51.3,39.8,1.0,109.668,126.263,2.0,2019,66.0,129.746,0,1
49.0,6.0,0,4,3.0,19.7,0,0,52.0,39.4,1.0,85.729,132.766,2.0,2019,66.0,134.091,0,1
50.0,7.0,0,4,3.0,19.9,0,0,52.1,39.6,1.0,84.811,134.821,2.0,2019,66.0,140.867,0,1
51.0,8.0,0,4,3.0,19.6,0,0,52.8,39.2,1.0,105.935,124.197,2.0,2019,66.0,124.405,0,1
52.0,9.0,0,4,3.0,19.8,0,0,50.3,39.5,1.0,86.298,127.434,2.0,2019,66.0,127.645,0,1
53.0,10.0,0,1,3.0,20.0,0,0,48.0,39.8,1.0,84.864,81.217,2.0,2019,66.0,79.85,0,1
54.0,11.0,0,1,3.0,20.0,0,0,47.6,39.8,1.0,84.117,81.362,2.0,2019,66.0,78.492,0,1
55.0,12.0,0,1,3.0,19.8,0,0,50.6,39.2,1.0,83.933,78.737,2.0,2019,66.0,80.909,0,1
56.0,13.0,0,1,3.0,19.9,0,0,49.8,39.2,1.0,84.012,80.027,2.0,2019,66.0,79.98,0,1
57.0,14.0,0,1,3.0,19.8,0,0,50.4,39.2,1.0,84.131,79.708,2.0,2019,66.0,79.858,0,1
58.0,15.0,0,1,3.0,19.9,0,0,50.3,39.2,1.0,83.092,79.966,2.0,2019,66.0,80.295,0,1
59.0,16.0,0,1,3.0,20.1,0,0,49.6,39.2,1.0,83.562,79.978,2.0,2019,66.0,79.681,0,1
60.0,17.0,0,1,3.0,20.0,0,0,50.6,39.1,1.0,83.077,79.091,2.0,2019,66.0,79.774,0,1
61.0,18.0,0,1,3.0,20.3,0,0,50.1,39.2,1.0,83.564,79.864,2.0,2019,66.0,79.885,0,1
62.0,19.0,0,1,3.0,20.1,0,0,51.3,39.2,1.0,83.772,79.903,2.0,2019,66.0,79.847,0,1
63.0,20.0,0,1,3.0,20.0,0,0,52.3,39.0,1.0,83.714,80.151,2.0,2019,66.0,79.928,0,1
64.0,21.0,0,1,3.0,20.4,0,0,50.8,39.1,1.0,83.372,79.912,2.0,2019,66.0,79.771,0,1
65.0,22.0,0,1,3.0,20.4,0,0,50.6,39.0,1.0,83.202,80.098,2.0,2019,66.0,79.619,0,1
2.0,5.0,0,1,1.0,30.1,0,0,54.8,48.3,1.0,89.197,84.754,1.0,2020,23.0,84.63,0,1
3.0,6.0,0,1,1.0,30.1,0,0,54.9,48.3,1.0,87.177,84.835,1.0,2020,23.0,85.037,0,1
4.0,7.0,0,1,1.0,29.9,0,0,55.6,48.3,1.0,87.476,84.596,1.0,2020,23.0,84.679,0,1
5.0,8.0,0,1,1.0,29.7,0,0,56.4,48.3,1.0,87.348,84.621,1.0,2020,23.0,84.37,0,1
6.0,9.0,0,1,1.0,29.9,0,0,55.5,48.6,1.0,87.676,84.325,1.0,2020,23.0,84.247,0,1
7.0,10.0,0,1,1.0,30.0,0,0,55.0,48.6,1.0,86.775,84.193,1.0,2020,23.0,84.278,0,1
8.0,11.0,0,1,1.0,30.0,0,0,55.3,48.3,1.0,86.021,84.192,1.0,2020,23.0,84.108,0,1
9.0,12.0,0,1,1.0,30.1,0,0,55.4,49.1,1.0,86.467,84.132,1.0,2020,23.0,84.526,0,1
10.0,13.0,0,1,1.0,30.2,0,0,55.4,49.1,1.0,86.808,83.099,1.0,2020,23.0,83.618,0,1
11.0,14.0,0,1,1.0,30.5,0,0,54.4,49.2,1.0,86.626,83.623,1.0,2020,23.0,83.238,0,1
12.0,15.0,0,1,1.0,30.7,0,0,53.6,49.2,1.0,86.325,83.541,1.0,2020,23.0,83.067,0,1
13.0,16.0,0,1,1.0,30.5,0,0,54.6,48.5,1.0,86.067,83.473,1.0,2020,23.0,82.767,0,1
14.0,17.0,0,1,1.0,30.3,0,0,55.2,47.6,1.0,86.015,83.422,1.0,2020,23.0,83.197,0,1
15.0,18.0,0,1,1.0,30.3,0,0,54.7,48.5,1.0,86.112,83.759,1.0,2020,23.0,83.095,0,1
16.0,19.0,0,1,1.0,29.9,0,0,56.3,48.5,1.0,85.082,83.568,1.0,2020,23.0,83.216,0,1
17.0,20.0,0,1,1.0,30.1,0,0,55.1,48.1,1.0,85.911,83.761,1.0,2020,23.0,83.366,0,1
18.0,21.0,0,1,1.0,30.1,0,0,55.1,48.1,1.0,86.048,84.089,1.0,2020,23.0,83.406,0,1
19.0,22.0,0,1,1.0,29.8,0,0,55.1,48.4,1.0,86.108,83.971,1.0,2020,23.0,83.505,0,1
20.0,23.0,0,1,1.0,29.9,0,0,55.8,48.4,1.0,102.091,84.579,1.0,2020,23.0,83.394,0,1
21.0,24.0,0,1,1.0,29.9,0,0,55.8,48.5,1.0,102.682,84.474,1.0,2020,23.0,83.41,0,1
22.0,25.0,0,1,1.0,30.0,0,0,55.5,48.5,1.0,102.797,84.337,1.0,2020,23.0,83.699,0,1
23.0,26.0,0,1,1.0,30.0,0,0,55.7,48.1,1.0,83.614,88.017,1.0,2020,23.0,87.175,0,1
24.0,1.0,1,1,2.0,29.9,1,0,56.4,47.6,1.0,83.946,83.582,1.0,2020,50.0,104.038,1,0
25.0,2.0,1,1,2.0,29.9,0,0,56.0,48.2,1.0,84.157,83.624,1.0,2020,50.0,83.845,1,0
26.0,3.0,1,1,2.0,29.4,0,0,57.4,47.8,1.0,84.603,83.644,1.0,2020,50.0,83.659,1,0
27.0,4.0,1,1,2.0,29.3,0,0,57.9,47.2,1.0,86.594,83.227,1.0,2020,50.0,83.67,1,0
28.0,5.0,1,1,2.0,29.7,0,0,56.7,48.1,1.0,92.945,83.491,1.0,2020,50.0,83.275,1,0
29.0,6.0,1,1,2.0,30.1,0,0,56.2,49.0,1.0,102.684,83.367,1.0,2020,50.0,83.688,1,0
30.0,7.0,1,1,2.0,30.0,0,0,56.5,47.4,1.0,82.825,83.353,1.0,2020,50.0,83.343,1,0
31.0,8.0,1,1,2.0,30.1,0,0,56.4,48.6,1.0,83.461,83.201,1.0,2020,50.0,83.007,1,0
32.0,9.0,1,1,2.0,30.1,0,0,56.3,48.7,1.0,84.172,83.269,1.0,2020,50.0,83.102,1,0
33.0,10.0,1,1,2.0,30.1,0,0,55.4,48.7,1.0,85.634,83.106,1.0,2020,50.0,83.002,1,0
34.0,11.0,1,1,2.0,30.1,0,0,55.7,47.9,1.0,84.634,83.113,1.0,2020,50.0,82.658,1,0
35.0,12.0,1,1,2.0,30.2,0,0,55.3,47.9,1.0,84.405,82.896,1.0,2020,50.0,82.948,1,0
36.0,13.0,1,1,2.0,30.1,0,0,55.6,47.5,1.0,132.577,83.548,1.0,2020,50.0,82.44,1,0
37.0,14.0,1,2,2.0,30.4,0,0,54.8,47.4,1.0,93.153,83.478,1.0,2020,50.0,82.826,1,0
38.0,15.0,1,2,2.0,30.5,0,0,54.5,48.7,1.0,87.517,84.038,1.0,2020,50.0,82.502,1,0
39.0,16.0,1,1,2.0,30.1,0,0,55.7,48.7,1.0,84.621,83.775,1.0,2020,50.0,82.273,1,0
40.0,17.0,1,1,2.0,29.5,0,0,57.7,44.8,1.0,83.981,83.096,1.0,2020,50.0,82.213,1,0
41.0,18.0,1,1,2.0,29.5,0,0,58.0,44.8,1.0,84.459,83.334,1.0,2020,50.0,82.438,1,0
42.0,19.0,1,1,2.0,29.9,0,0,55.8,47.9,1.0,84.403,81.857,1.0,2020,50.0,82.305,1,0
43.0,20.0,1,1,2.0,30.1,0,0,55.3,47.9,1.0,84.054,82.532,1.0,2020,50.0,82.129,1,0
44.0,21.0,1,1,2.0,30.1,0,0,55.6,48.2,1.0,85.052,82.526,1.0,2020,50.0,82.141,1,0
45.0,22.0,1,1,2.0,29.8,0,0,56.8,46.3,1.0,101.351,83.206,1.0,2020,50.0,81.539,1,0
46.0,23.0,1,1,2.0,29.7,0,0,57.3,46.3,1.0,100.982,82.821,1.0,2020,50.0,82.064,1,0
47.0,24.0,1,1,2.0,29.7,0,0,56.7,46.4,1.0,81.801,83.068,1.0,2020,50.0,82.149,1,0
48.0,25.0,1,1,2.0,29.5,0,0,57.2,46.6,1.0,82.614,86.658,1.0,2020,50.0,83.063,1,0
49.0,26.0,1,1,2.0,29.1,0,0,58.7,45.5,1.0,89.352,81.732,1.0,2020,50.0,81.954,1,0
50.0,27.0,1,1,2.0,28.7,0,0,60.2,43.2,1.0,101.488,81.911,1.0,2020,66.0,84.99,1,0
51.0,1.0,1,1,3.0,28.8,1,0,59.6,42.8,1.0,82.384,82.406,1.0,2020,66.0,100.359,1,0
52.0,2.0,1,1,3.0,28.7,0,0,60.2,43.0,1.0,83.014,81.562,1.0,2020,66.0,80.274,1,0
53.0,3.0,1,1,3.0,28.8,0,0,59.9,42.9,1.0,82.937,81.477,1.0,2020,66.0,80.892,1,0
54.0,4.0,1,1,3.0,28.9,0,0,59.6,43.2,1.0,82.882,81.485,1.0,2020,66.0,80.901,1,0
55.0,5.0,1,1,3.0,29.4,0,0,58.1,45.1,1.0,82.901,81.852,1.0,2020,66.0,81.22,1,0
56.0,6.0,1,1,3.0,29.5,0,0,57.6,46.1,1.0,83.194,81.638,1.0,2020,66.0,81.446,1,0
57.0,7.0,1,1,3.0,29.6,0,0,57.9,46.0,1.0,82.059,82.045,1.0,2020,66.0,81.498,1,0
58.0,8.0,1,1,3.0,30.0,0,0,56.9,47.2,1.0,82.741,81.779,1.0,2020,66.0,81.379,1,0
59.0,9.0,1,1,3.0,30.0,0,0,57.2,47.3,1.0,82.491,81.057,1.0,2020,66.0,80.964,1,0
60.0,10.0,1,1,3.0,30.1,0,0,57.2,47.8,1.0,82.003,82.184,1.0,2020,66.0,81.223,1,0
61.0,11.0,1,1,3.0,30.1,0,0,57.1,47.6,1.0,82.422,81.904,1.0,2020,66.0,81.397,1,0
62.0,12.0,1,1,3.0,30.1,0,0,56.8,47.2,1.0,93.951,81.486,1.0,2020,66.0,80.975,1,0
63.0,13.0,1,1,3.0,30.0,0,0,57.1,46.4,1.0,114.308,81.709,1.0,2020,66.0,79.822,1,0
64.0,14.0,1,1,3.0,29.7,0,0,57.5,45.0,1.0,80.409,82.144,1.0,2020,66.0,80.872,1,0
65.0,15.0,1,1,3.0,29.7,0,0,57.1,45.9,1.0,85.659,82.764,1.0,2020,66.0,80.847,1,0
2.0,6.0,0,1,1.0,21.7,0,0,58.0,31.6,2.0,83.561,84.948,1.0,2021,28.0,83.798,0,1
3.0,7.0,0,1,1.0,21.7,0,0,57.9,31.8,2.0,83.025,84.403,1.0,2021,28.0,83.425,0,1
4.0,8.0,0,1,1.0,21.8,0,0,58.0,31.7,2.0,83.209,84.198,1.0,2021,28.0,82.938,0,1
5.0,9.0,0,1,1.0,21.8,0,0,57.9,31.6,2.0,83.206,84.269,1.0,2021,28.0,83.118,0,1
6.0,10.0,0,1,1.0,21.8,0,0,58.4,31.0,2.0,83.227,84.195,1.0,2021,28.0,83.062,0,1
7.0,11.0,0,1,1.0,21.7,0,0,58.1,30.8,2.0,83.009,84.062,1.0,2021,28.0,83.261,0,1
8.0,12.0,0,24,1.0,21.6,0,0,58.2,30.7,2.0,85.483,91.332,1.0,2021,28.0,89.253,0,1
9.0,13.0,0,4,1.0,21.7,0,0,57.4,31.0,2.0,134.088,122.691,1.0,2021,28.0,131.611,0,1
10.0,14.0,0,4,1.0,21.8,0,0,57.7,31.4,2.0,139.896,137.414,1.0,2021,28.0,138.416,0,1
11.0,15.0,0,1,1.0,21.9,0,0,57.3,31.6,2.0,83.251,84.637,1.0,2021,28.0,83.608,0,1
12.0,16.0,0,1,1.0,21.9,0,0,57.7,31.8,2.0,83.297,84.059,1.0,2021,28.0,83.415,0,1
13.0,17.0,0,1,1.0,22.0,0,0,57.7,32.5,2.0,83.009,83.839,1.0,2021,28.0,83.038,0,1
14.0,18.0,0,1,1.0,22.0,0,0,57.0,32.7,2.0,83.155,83.846,1.0,2021,28.0,83.18,0,1
15.0,19.0,0,1,1.0,22.3,0,0,55.9,32.7,2.0,83.152,83.786,1.0,2021,28.0,83.309,0,1
16.0,20.0,0,1,1.0,22.3,0,0,56.0,32.4,2.0,83.515,83.089,1.0,2021,28.0,83.25,0,1
17.0,21.0,0,1,1.0,22.3,0,0,56.6,32.4,2.0,83.263,83.742,1.0,2021,28.0,83.467,0,1
18.0,22.0,0,1,1.0,22.3,0,0,57.5,32.2,2.0,83.289,83.758,1.0,2021,28.0,83.318,0,1
19.0,23.0,0,1,1.0,22.3,0,0,57.0,31.9,2.0,83.317,83.821,1.0,2021,28.0,83.407,0,1
20.0,24.0,0,1,1.0,22.4,0,0,57.1,32.2,2.0,83.362,83.963,1.0,2021,28.0,83.559,0,1
21.0,25.0,0,1,1.0,22.4,0,0,58.1,32.1,2.0,83.046,83.834,1.0,2021,28.0,83.167,0,1
22.0,26.0,0,1,1.0,22.3,0,0,57.6,31.8,2.0,83.513,84.105,1.0,2021,28.0,83.323,0,1
23.0,27.0,0,1,1.0,22.2,0,0,57.4,31.9,2.0,83.729,84.275,1.0,2021,28.0,83.576,0,1
24.0,28.0,0,1,1.0,22.2,0,0,57.4,31.9,1.0,84.384,88.038,1.0,2021,28.0,84.51,0,1
25.0,29.0,0,1,1.0,22.0,0,0,57.4,31.9,1.0,86.761,84.227,1.0,2021,28.0,83.284,0,1
26.0,30.0,0,1,1.0,22.3,0,0,56.8,32.8,1.0,84.806,84.595,1.0,2021,28.0,83.664,0,1
27.0,31.0,0,1,1.0,22.4,0,0,56.3,32.6,1.0,84.844,84.519,1.0,2021,28.0,83.107,0,1
28.0,32.0,0,1,1.0,22.6,0,0,57.1,33.2,1.0,84.862,82.258,1.0,2021,28.0,87.03,0,1
29.0,1.0,1,1,2.0,22.7,1,0,57.1,33.8,2.0,82.446,82.572,1.0,2021,42.0,100.943,1,0
30.0,2.0,1,1,2.0,22.7,0,0,56.6,34.4,2.0,82.621,82.456,1.0,2021,42.0,81.276,1,0
31.0,3.0,1,1,2.0,22.9,0,0,55.8,34.6,2.0,82.714,82.391,1.0,2021,42.0,81.204,1,0
32.0,4.0,1,1,2.0,22.9,0,0,54.2,34.7,2.0,82.456,82.263,1.0,2021,42.0,81.403,1,0
33.0,5.0,1,1,2.0,22.6,0,0,57.6,33.2,2.0,82.131,82.228,1.0,2021,42.0,81.509,1,0
34.0,6.0,1,1,2.0,22.8,0,0,56.7,33.3,2.0,81.533,82.377,1.0,2021,42.0,81.512,1,0
35.0,7.0,1,1,2.0,22.8,0,0,56.7,33.6,2.0,81.571,81.407,1.0,2021,42.0,81.468,1,0
36.0,8.0,1,1,2.0,22.6,0,0,58.1,33.5,2.0,81.487,81.789,1.0,2021,42.0,81.726,1,0
37.0,9.0,1,1,2.0,22.6,0,0,58.0,32.7,2.0,81.872,81.527,1.0,2021,42.0,81.605,1,0
38.0,10.0,1,1,2.0,22.6,0,0,57.8,33.2,2.0,81.727,81.946,1.0,2021,42.0,82.036,1,0
39.0,11.0,1,1,2.0,22.5,0,0,57.9,33.2,2.0,82.084,82.346,1.0,2021,42.0,82.039,1,0
40.0,12.0,1,1,2.0,22.5,0,0,57.5,33.0,2.0,81.099,81.635,1.0,2021,42.0,81.778,1,0
41.0,13.0,1,1,2.0,22.5,0,0,58.2,33.0,2.0,81.717,82.838,1.0,2021,42.0,81.697,1,0
42.0,14.0,1,1,2.0,22.4,0,0,58.4,32.5,2.0,82.118,82.694,1.0,2021,66.0,85.686,1,0
43.0,7.0,0,1,3.0,22.4,1,0,59.2,32.5,3.0,82.683,82.735,1.0,2021,66.0,99.613,1,0
44.0,8.0,0,1,3.0,22.4,0,0,58.9,32.8,3.0,82.038,82.759,1.0,2021,66.0,80.775,1,0
45.0,9.0,0,1,3.0,22.4,0,0,58.8,32.6,3.0,82.338,82.805,1.0,2021,66.0,80.728,1,0
46.0,10.0,0,1,3.0,22.3,0,0,58.9,32.6,3.0,82.055,82.737,1.0,2021,66.0,80.73,1,0
47.0,11.0,0,1,3.0,22.3,0,0,59.2,32.5,3.0,82.254,83.004,1.0,2021,66.0,81.348,1,0
48.0,12.0,0,1,3.0,22.3,0,0,59.0,32.6,3.0,82.045,83.016,1.0,2021,66.0,81.27,1,0
49.0,13.0,0,1,3.0,22.5,0,0,58.8,32.7,3.0,82.245,82.411,1.0,2021,66.0,81.155,1,0
50.0,14.0,0,1,3.0,22.4,0,0,58.8,32.9,3.0,82.009,82.531,1.0,2021,66.0,80.994,1,0
51.0,15.0,0,1,3.0,22.2,0,0,61.1,33.0,3.0,82.728,82.461,1.0,2021,66.0,81.225,1,0
52.0,16.0,0,1,3.0,22.3,0,0,60.1,33.2,2.0,82.358,85.165,1.0,2021,66.0,82.67,1,0
53.0,17.0,0,1,3.0,22.4,0,0,59.9,33.2,2.0,82.168,87.702,1.0,2021,66.0,81.304,1,0
54.0,18.0,0,1,3.0,22.5,0,0,59.8,34.0,2.0,82.529,82.717,1.0,2021,66.0,80.665,1,0
55.0,19.0,0,1,3.0,22.6,0,0,58.7,35.2,2.0,82.664,82.944,1.0,2021,66.0,80.787,1,0
56.0,20.0,0,1,3.0,22.7,0,0,59.3,35.4,2.0,82.923,82.956,1.0,2021,66.0,80.99,1,0
57.0,21.0,0,1,3.0,22.7,0,0,58.5,36.0,2.0,82.554,80.242,1.0,2021,66.0,80.906,1,0
58.0,22.0,0,1,3.0,22.7,0,0,58.4,36.2,2.0,82.411,81.333,1.0,2021,66.0,80.931,1,0
59.0,23.0,0,1,3.0,23.0,0,0,58.1,36.1,2.0,82.546,82.241,1.0,2021,66.0,81.521,1,0
60.0,24.0,0,1,3.0,23.2,0,0,57.2,35.8,1.0,87.116,88.448,1.0,2021,66.0,82.205,1,0
61.0,25.0,0,1,3.0,23.2,0,0,57.3,35.8,1.0,90.047,101.338,1.0,2021,66.0,81.107,1,0
62.0,26.0,0,1,3.0,23.1,0,0,56.3,35.8,1.0,87.399,78.149,1.0,2021,66.0,81.636,1,0
63.0,27.0,0,1,3.0,23.2,0,0,57.3,36.1,1.0,84.739,80.216,1.0,2021,66.0,81.705,1,0
64.0,28.0,0,1,3.0,23.2,0,0,56.8,36.1,1.0,84.471,79.619,1.0,2021,66.0,81.708,1,0
65.0,29.0,0,1,3.0,23.2,0,0,56.2,35.9,1.0,81.355,80.146,1.0,2021,66.0,81.985,1,0
2.0,3.0,0,1,2.0,36.9,1,0,6.0,49.4,19.0,91.197,113.833,6.0,2022,22.0,115.134,0,1
3.0,4.0,0,1,2.0,36.9,0,0,6.0,49.4,19.0,91.102,87.537,6.0,2022,22.0,87.495,0,1
4.0,5.0,0,1,2.0,37.0,0,0,6.0,49.5,19.0,90.425,87.693,6.0,2022,22.0,88.327,0,1
5.0,6.0,0,1,2.0,37.0,0,0,6.0,49.3,19.0,90.854,88.024,6.0,2022,22.0,89.321,0,1
6.0,7.0,0,2,2.0,36.9,0,0,6.0,49.5,19.0,91.335,88.784,6.0,2022,22.0,88.986,0,1
7.0,8.0,0,1,2.0,37.0,0,0,6.0,49.5,19.0,91.034,89.243,6.0,2022,22.0,89.147,0,1
8.0,9.0,0,2,2.0,37.0,0,0,6.0,49.5,19.0,91.341,89.059,6.0,2022,22.0,89.086,0,1
9.0,10.0,0,1,2.0,37.0,0,0,6.0,49.6,19.0,91.727,90.216,6.0,2022,22.0,88.606,0,1
10.0,11.0,0,1,2.0,37.0,0,0,6.0,49.7,19.0,91.817,89.636,6.0,2022,22.0,88.558,0,1
11.0,12.0,0,1,2.0,37.0,0,0,6.0,49.7,19.0,107.447,89.855,6.0,2022,22.0,89.331,0,1
12.0,13.0,0,1,2.0,37.0,0,0,6.0,49.7,18.0,88.415,108.446,6.0,2022,22.0,88.746,0,1
13.0,14.0,0,1,2.0,36.9,0,0,6.0,49.7,17.0,89.842,89.034,6.0,2022,22.0,89.037,0,1
14.0,15.0,0,1,2.0,36.8,0,0,6.0,49.7,17.0,89.488,89.639,6.0,2022,22.0,89.167,0,1
15.0,16.0,0,1,2.0,36.7,0,0,6.0,49.7,16.0,89.012,90.237,6.0,2022,22.0,89.215,0,1
16.0,17.0,0,1,2.0,36.6,0,0,6.0,49.7,16.0,89.711,88.761,6.0,2022,22.0,89.642,0,1
17.0,18.0,0,1,2.0,36.9,0,0,6.0,49.7,16.0,89.587,88.888,6.0,2022,22.0,89.873,0,1
18.0,19.0,0,1,2.0,37.2,0,0,5.0,49.7,16.0,89.745,88.532,6.0,2022,22.0,90.181,0,1
19.0,20.0,0,1,2.0,37.1,0,0,6.0,49.7,16.0,90.566,89.025,6.0,2022,22.0,90.07,0,1
20.0,21.0,0,1,2.0,37.1,0,0,5.0,49.7,16.0,90.247,89.374,6.0,2022,22.0,90.443,0,1
21.0,22.0,0,1,2.0,37.1,0,0,6.0,49.0,16.0,90.375,89.964,6.0,2022,22.0,90.48,0,1
22.0,23.0,0,1,2.0,37.0,0,0,6.0,49.0,16.0,90.203,107.632,6.0,2022,22.0,94.486,0,1
23.0,1.0,1,1,3.0,37.1,1,0,6.0,49.4,19.0,91.525,90.757,6.0,2022,48.0,105.871,1,0
24.0,2.0,1,1,3.0,37.0,0,0,6.0,49.4,18.0,90.925,91.595,6.0,2022,48.0,87.98,1,0
25.0,3.0,1,1,3.0,37.0,0,0,6.0,49.4,17.0,88.008,91.835,6.0,2022,48.0,87.415,1,0
26.0,4.0,1,1,3.0,37.0,0,0,7.0,49.4,17.0,89.347,94.403,6.0,2022,48.0,87.156,1,0
27.0,5.0,1,1,3.0,37.0,0,0,6.0,49.4,16.0,90.684,105.403,6.0,2022,48.0,87.244,1,0
28.0,6.0,1,1,3.0,37.0,0,0,7.0,49.4,14.0,89.055,111.317,6.0,2022,48.0,86.99,1,0
29.0,7.0,1,1,3.0,37.2,0,0,6.0,49.3,13.0,90.368,94.406,6.0,2022,48.0,87.619,1,0
30.0,8.0,1,1,3.0,37.2,0,0,6.0,49.3,12.0,94.265,89.393,6.0,2022,48.0,86.711,1,0
31.0,9.0,1,1,3.0,37.1,0,0,6.0,49.5,10.0,93.694,94.152,6.0,2022,48.0,87.364,1,0
32.0,10.0,1,1,3.0,37.1,0,0,6.0,49.5,9.0,93.438,88.556,6.0,2022,48.0,86.329,1,0
33.0,11.0,1,1,3.0,36.7,0,0,6.0,49.3,8.0,86.673,88.729,6.0,2022,48.0,86.895,1,0
34.0,12.0,1,1,3.0,36.7,0,0,7.0,49.2,7.0,86.627,88.676,6.0,2022,48.0,86.697,1,0
35.0,13.0,1,1,3.0,36.6,0,0,7.0,49.1,7.0,93.452,88.624,6.0,2022,48.0,87.31,1,0
36.0,14.0,1,1,3.0,36.6,0,0,7.0,49.0,6.0,86.849,106.285,6.0,2022,48.0,86.976,1,0
37.0,15.0,1,1,3.0,36.6,0,0,7.0,49.0,6.0,86.837,87.027,6.0,2022,48.0,86.956,1,0
38.0,16.0,1,1,3.0,36.9,0,0,7.0,49.1,6.0,86.915,87.438,6.0,2022,48.0,87.157,1,0
39.0,17.0,1,1,3.0,36.7,0,0,7.0,49.1,6.0,87.165,87.481,6.0,2022,48.0,86.82,1,0
40.0,18.0,1,1,3.0,36.8,0,0,8.0,49.0,6.0,87.633,87.301,6.0,2022,48.0,87.34,1,0
41.0,19.0,1,1,3.0,36.6,0,0,8.0,49.0,6.0,87.834,87.642,6.0,2022,48.0,87.36,1,0
42.0,20.0,1,1,3.0,36.6,0,0,7.0,49.0,6.0,87.095,87.049,6.0,2022,48.0,87.351,1,0
43.0,21.0,1,1,3.0,36.6,0,0,8.0,48.7,6.0,88.058,87.719,6.0,2022,48.0,88.239,1,0
44.0,22.0,1,1,3.0,36.6,0,0,8.0,49.1,6.0,88.125,87.789,6.0,2022,48.0,87.114,1,0
45.0,23.0,1,1,3.0,36.7,0,0,8.0,49.1,6.0,91.806,88.247,6.0,2022,48.0,87.458,1,0
46.0,24.0,1,1,3.0,36.8,0,0,7.0,49.0,5.0,88.512,88.233,6.0,2022,48.0,87.73,1,0
47.0,25.0,1,1,3.0,36.8,0,0,7.0,49.0,5.0,88.374,86.345,6.0,2022,48.0,87.662,1,0
48.0,26.0,1,1,3.0,36.6,0,0,8.0,49.0,5.0,88.364,86.171,6.0,2022,66.0,90.916,1,0
49.0,4.0,0,1,4.0,36.5,1,0,8.0,49.0,7.0,87.841,89.543,6.0,2022,66.0,103.326,0,1
50.0,5.0,0,1,4.0,36.9,0,0,7.0,48.8,7.0,88.147,88.469,6.0,2022,66.0,85.106,0,1
51.0,6.0,0,1,4.0,36.9,0,0,7.0,48.8,6.0,86.216,88.627,6.0,2022,66.0,84.253,0,1
52.0,7.0,0,1,4.0,36.9,0,0,7.0,48.9,6.0,86.136,92.228,6.0,2022,66.0,85.802,0,1
53.0,8.0,0,1,4.0,36.7,0,0,7.0,48.8,6.0,86.437,91.991,6.0,2022,66.0,85.257,0,1
54.0,9.0,0,1,4.0,36.6,0,0,8.0,48.5,6.0,86.455,85.935,6.0,2022,66.0,85.389,0,1
55.0,10.0,0,1,4.0,36.5,0,0,9.0,48.3,6.0,86.302,86.174,6.0,2022,66.0,85.207,0,1
56.0,11.0,0,1,4.0,36.5,0,0,9.0,48.3,6.0,86.076,86.219,6.0,2022,66.0,85.832,0,1
57.0,12.0,0,1,4.0,36.3,0,0,8.0,48.4,6.0,87.691,86.456,6.0,2022,66.0,86.447,0,1
58.0,13.0,0,1,4.0,36.3,0,0,7.0,48.4,5.0,86.051,90.459,6.0,2022,66.0,86.408,0,1
59.0,14.0,0,1,4.0,36.3,0,0,9.0,48.3,5.0,87.298,88.471,6.0,2022,66.0,86.919,0,1
60.0,15.0,0,1,4.0,36.4,0,0,9.0,48.2,4.0,86.386,88.388,6.0,2022,66.0,85.895,0,1
61.0,16.0,0,1,4.0,36.4,0,0,11.0,48.1,4.0,87.069,87.394,6.0,2022,66.0,86.425,0,1
62.0,17.0,0,1,4.0,36.5,0,0,9.0,48.0,4.0,87.141,87.366,6.0,2022,66.0,86.804,0,1
63.0,18.0,0,1,4.0,36.5,0,0,8.0,48.0,4.0,87.404,87.865,6.0,2022,66.0,88.977,0,1
64.0,19.0,0,1,4.0,36.5,0,0,8.0,47.9,4.0,87.965,88.256,6.0,2022,66.0,89.833,0,1
65.0,20.0,0,1,4.0,36.4,0,0,7.0,48.1,5.0,87.064,89.097,6.0,2022,66.0,91.646,0,1
